codigo_atleta,nombre_atleta
1924402,CARVELL Charlie
1895578,JEHAES Marine
1915352,VANDERBEMDEN Robin
1972077,BOERS Isayah
1573051,BAUMGART-WITAN Iga
1945745,YAMASAKI Kento
1965416,MARTIN DOCKX Jose Daniel
1937727,SKOWRONSKA-KOZUBIK Zaneta
1965427,TRAPOTE Armando
1899865,STAUT Kevin
1932656,BOND Ashlee
1898199,ALSHARBATLY Abdullah
1548487,HANK GUERREIRO Carlos
1913633,AL KIRBI Ali Hamad
1981470,HENIGMAN Nik
1981161,HORZEN Kristjan
A058159120057,PHELPS Michael
A160201175025,BERENS Richard
A158032245251,WALTERS David
A178191113142,LOCHTE Ryan
A151028178217,SEEBOHM Emily
A068106140221,JONES Leisel
A112174219072,SCHIPPER Jess
A045234120065,LENTON Libby
A167210043023,DEKKER Inge
A021086173153,KROMOWIDJOJO Ranomi
A099009248075,HEEMSKERK Femke
A120063251093,VELDHUIS Magdalena
A165186157200,TANG Muhan
A227013047004,LARKIN Mitchell
A172198217096,PACKARD Jake
A081041118242,CAMPBELL Cate
A083110062053,PEIRSOL Aaron
A069156071080,HANSEN Brendan
A158011114100,LEZAK Jason
A142081230208,BEDFORD Barbara Jane
A047188006109,QUANN Megan
A106078001110,THOMPSON Jenny
A182196251033,TORRES Dara
A132211039088,THORPE Ian
A238001075060,KIRBY William
A078201013046,HACKETT Grant
A009253078226,KLIM Michael
A046240245098,CAMPBELL Bronte
A103239244077,EDINGTON Sophie
A193120167173,CHENG Yujie
A070083150062,WALKER Neil
A159208016053,JONES Cullen
A007103221048,PIERONI Blake
A119214147123,BECKER Bowen
A142232032212,le APP Zach
A223242032146,FERNS Lyndon
A064188126025,MOORE Graeme
A061089220080,TOWNSEND Darian
A064117133009,SCHOEMAN Roland
A244110102075,CHOWANIEC Mateusz
A120169248016,DUDYS Dominik
A112254106246,SIERADZKI Kamil
A132104047037,YANG Jaehoon
A076173149064,KIM Woomin
A160105237070,LEE Hojoon
A213078208218,GREVERS Matt
A154165049237,QIU Tian
A179167173153,MORINI Sofia
A015238004137,MENICUCCI Emma Virginia
A033071191211,TARANTINO Chiara
A223114005062,USTINOVA Daria K
A096000250079,PRIGODA Kirill
A177150037252,PAKHOMOV Daniil
A221048124059,ANDRUSENKO Veronika
A022187225221,GOLOVATY Daria
A100069049018,SPITZ Ayla
A243226213058,PRENDERGAST Grace
A043144169008,BAYER Valentin
A102222048157,GIGLER Heiko
A110152123086,REED Peter
A210217114041,JAMES
A112127108157,HODGE Andrew T
A219054005027,GREGORY Alex
A077076064179,COETZEE Dune
A129231141123,THROSSELL Brianna
A226125212007,JOHNSTON David
A054120198168,BONGINI Sara
A179104245004,GALARDINI Andrea
A101205157019,JACKSON Joanne
A013014102072,CARLIN Jaz
A131060199169,McCLATCHEY Caitlin
A106198218136,ADLINGTON Rebecca
A232175130132,RICE Stephanie
A237213152140,BARRATT Bronte
A186183064137,PALMER Kylie
A135182229047,MacKENZIE Linda
A002007111100,van SULLI Eamon
A174033044169,LAUTERSTEIN Andrew
A091152255051,CALLUS Ashley
A196124223115,TARGETT Matthew
A103108107235,AN San
A055231182036,WILSON Madison
A082047227062,MELVERTON Kiah
A148025209177,MURRAY Eric
A008189025233,BOND Hamish
A006024194225,di CO Stefano
A140206178210,du RAND George
A231092067227,van der BURGH Cameron
A054059146217,PEARSON Todd
A001200075195,REGAL Caitlin
A198071138249,BEJINARIU Viviana
A031134164049,DRUNCEA Daniela
1550638,TILVESCU Denisa
A198084163080,DEDU Georgiana
1550298,BERES Madalina
A055051203011,BAKER Kathleen
A176222098002,DAHLIA Kelsi
A161147094096,CHEN Juner
A022123027076,HONG Jinquan
A098121225180,ANDREW Michael
A014073144233,SCHMITT Allison
A200181033207,McLAUGHLIN Katie
A121240150157,HEATH Mike
A151014095024,di BION Matt
A094223119004,ROONEY Giaan
A188237133158,THOMAS Petria
A044214191195,HENRY Jodie
A079106140070,BRENNAUER Lisa
A178110099020,KROEGER Mieke
A119081160027,ADRIAN Nathan
A090191183116,DWYER Conor
A145153196084,RHODE Kimberly
A206148036024,KIBLER Drew
A208029132044,JULIAN Trenton
A123034181218,LEWIS Clyde
A074248051148,GRAHAM Alexander
A003093112105,HORTON Mack
A010064139153,HE Cihong
A036188059099,DAI Guohong
A143167102148,LIU Limin
A029017148190,LE Jingyi
A014056061045,van NIEKERK Lara
A217047140024,BURDISSO Federico
A074166065029,SAVARD Katerine
A119113234225,YAN Zibei
A079132026011,OLEKSIAK Penny
A078109219032,HARKIN Abbey
A053072001245,SMITH Leah
A202167244056,SIMS Bella
A126013073208,STELLMACH Manuela
A075019133031,STRAUSS Astrid
A077158011139,BERGKNECHT Nadja
A091104029004,FRIEDRICH Heike
A036202226007,VANDERKAAY Peter
A141158184058,KATSOULIS Sarah
A182091034061,ZHAO Jing
A033149168117,CHEN Huijia
A251114146078,JIAO Liuyang
A032220134083,LI Zhesi
A013112022048,FRANKLIN Missy
A012146178249,SONI Rebecca
A037213060178,VOLLMER Dana
A128041107253,UGRAI Panna
A149010233192,WIERSMA Abe
A198162164171,UITTENBOGAARD Dirk
A220057105227,COLL Marti Carles
A124088024123,MESZAROS Daniel
A038206120003,le WEBER-GA Garrett
A189113070134,GILOT Fabien
A008117173042,BERNARD Alain
A214246009099,MALLET Gregory
A167100030168,BOUSQUET Frederick
A087102007253,JAKSCHIK Malte
A222033196114,SAUER Martin
A032118186151,SCHMIDT Richard
A125130249130,WEISSENFELD Johannes
A205233020086,SCHNEIDER Jakob
A024040136216,PLANER Maximilian
A169004147197,OCIK Hannes
A129033217098,WIMBERGER Felix
A225159136145,ACIN Nikola
A096211050102,CVETKOV Justin
A139073243147,SZABO Gabriella
A144203164048,KARASZ Anna
A126197197028,VAD Ninetta
1570009,KOZAK Danuta
A199202244152,SAURABH Chaudhary
A048027092040,LEPIKOV Dmitry
A199097088097,PYCHNENKO Vladimir
A052009046242,TAYANOVICH Veniamin
A238033003080,SADOVYI Yevgeny
A010182110009,RAUHE Ronald
A100170111222,WIESKOTTER Tim
A139254193107,McMILLAN Jack
A189084131166,le NEA Ah
A157062110176,ROSE Dare
A181152204202,SANSONE Gianmarco
A243124169248,KRAYZELBURG Lenny
A130070061128,MOSES Ed
A163079108044,CROCKER Ian
A128242215178,HALL Gary Jr.
A088203238003,DALBEY Troy
A028079101168,CETLINSKI Matt
A048179073132,GJERTSEN Doug
A228222129157,SHANTEAU Eric
A077048168071,KANG Chaeyoung
A141019169215,LEE Eungyeong
A246033113095,CHANG Hye Jin
A159034078254,HELD Ryan
A022028140251,PIJNENBURG Stan
A028034008158,WANG Gukailai
A187196230108,WANG Yichun
A182192226046,YANG Wenwen
A243154025198,MILLS Alice
A107123239192,COUGHLIN Natalie
A186109164081,PIPER Carly
A121078219082,SANDENO Kaitlin
A174247002204,YANG Yu
A243165246065,ZHU Qianwei
A028138095147,LIU Jing
A131115185183,PANG Jiaying
A126211113164,MEISSNER Katrin
A043246123008,DALLMANN Petra
A157097150061,VOLKER Sandra
A097242047163,van ALMSICK Franziska
A105048119053,TRANSOM Laticia-Leigh
A209114148126,DEANS Caitlin
A024239122245,ELMSLIE Brittany
A253104018182,DERGOUSOFF James
A072044045224,COMERFORD Mallory
A163179154190,WEITZEIL Abbey
A243155137031,ENGLEZAKIS Konstantinos
A065188252021,STAMOU Konstantinos Emmanouil
A189204030029,VAZAIOS Andreas
A153138035241,FESIKOVA Anastasiia
A233219182239,EFIMOVA Yuliya
A047125172148,CHIMROVA Svetlana
A182126172133,YANG Peiqi
A131125053101,MA Yonghui
A209242020042,GONG Zhenqi
A093036215171,CAVANAUGH Chris
A141224038012,LEAMY Robin
A038221250043,McCAGG David
A141198247047,GAINES Rowdy
A186148191200,NYMEYER Lacey
A052168163247,HOFF Katie
A125157031143,de OLIVEIRA da SILVA COST Maria
A112126046112,BALDUCCINI Stephanie
A123253040114,RODRIGUES Aline
A138062236037,CORDES Kevin
A205181238244,JANG Minhee
A063082098069,AIKINS Jack
A076148192205,FOSTER Jake
A075209070125,RODINI Valentina
A210216023199,CESARINI Federica
A239167219148,CURZAN Claire
A122227230142,MITCHELL Jake
A027111042077,MUREZ Andrea
A007055043097,FAMULOK Zuzanna
A079110138246,MAIK Julia
A032020075227,PEDA Paulina
A031200236076,LEVEAUX Amaury
A138233243108,MOHRING Anke
A254248068097,HODGES Chelsea
A143096117216,CIAMPI Matteo
A046166179090,KEHOE Sally
A249010086046,AI Yanhan
A125229139048,SITT Peter
A124077066096,HENKEL Rainer
A142197007079,FAHRNER Thomas
A233195151065,GROSS Michael
A236195030251,ALLEN Wyatt
A221193124217,READ Jason
A194042099158,BEERY Daniel
A184072015076,HANSEN Joseph
A223216066168,DEAKIN
A214248248118,CIPOLLONE
A036026148243,AHRENS Christian
A129231138021,VOLPENHEIN Bryan
A168223114062,HOOPMAN Beau
A251231113139,FOX David
A184135013064,HUDEPOHL Joe
A235067183146,OLSEN Jon
A094178153244,POPA Rosemary
A165053232085,BERKOFF David
A056161156061,der SCHROE Richard
A083019243050,JACOBS Christopher
A078080204160,WALKER-HEBBORN Chris
A175094106066,O'CONNOR Siobhan
A017172023054,HALSALL Fran
A245229041065,FYDLER Chris
A114110210042,MENG Guanliang
A177211116153,YANG Wenjun
A066241061197,KOWALSKI Daniel
A211164197017,DUNN Matthew
A160158047194,ANDERSON Freya
A224128087103,JACOBY Lydia
A248100227128,STEWART Kendyl
A220102057082,NEAL Lia
A041123248212,CONTE Bonin Paolo
A132108172158,FRIGO Manuel
A230168248209,OSBORNE Summer
A205039203030,EBBESEN Elisabeth
A094068105109,BRO Signe
A252086234179,TABOR Schastine
A212168234063,HOPE Lucy
A002043086172,NAVIKONIS Tomas
A050195158190,LUKMINAS Tomas
A037215200171,TREPOCKA Kristupas
A209144107137,SUN Mingxia
A198050055235,LEE Yooyeon
A110075104077,RESS Justin
A000104052206,CURRY Brooks
A187179160121,CHELIUS Emma
A181207103007,BASSON Jean
A190103043191,VENTER Jan
A054215105002,ROUSSEAU Sebastien
A071124236088,KOROVASHKOV Alexey
A107060123130,SHTYL Ivan
A124032204008,NEETHLING Ryk
A216123016057,HAAS Townley
A225005102092,SCHLANGER Melanie
A122174045237,KELLER Klete
A154045214031,LOBINTSEV Nikita
A068001164108,POLISHCHUK Mikhail
A201034207184,IZOTOV Danila
A158211185063,SUKHORUKOV Alexander
A212113098055,van KOOTEN Janna
A074150176180,VINCENT-LAPOINTE Laurence
A227086059007,FOURNIER Sarah
A228002175119,WILDMAN-TOBRINER Ben
A009071095152,ROUSE Jeff
A083227011103,DIEBEL Nelson
A024252082070,MORALES Pablo
A221066229066,DELANEY Ashley
A014186191249,RICKARD Brenton
A036175186183,RAJU Narmada Nithin
A102146055101,PATIL Rudrankksh Balasaheb
A011216034104,GOETZ Daniela
A102150076201,STEFFEN Britta
A211230168063,LIEBS Annika
A004161042038,MILLER Cody
A211230195176,LIFINTSEV Miron
A124076231199,SHEVLIAKOV Roman
A023244251108,KORNEV Egor
A057172143101,WALCZYKIEWICZ Marta
A215162238073,KONIECZNA Aneta
A116163126199,MIKOLAJCZYK Beata
A035194064073,KIM Bubmin
A106069046171,IM Dong Hyun
A159010240212,OH Jinhyek
A119243164133,KING Matt
A169155104049,YANG Qian
A128058107187,YANG Haoran
A144080207027,GANNA Filippo
A090212081177,SCALIA Silvia
A243159200221,CASTIGLIONI Arianna
A191151010042,MARGALIS Melanie
A166133200008,AL SHAMAA Eman
A018172213114,ALRASHIDI Abdullah
A250117078003,PRATT Kayla
A110013141021,BEVAN Kelsey
A054036106086,HARTING Zach
A095224171247,LOWE Jemma
A215004066103,LINN Jeremy
A208038167207,HENDERSON Mark
A148153110245,GE Chutong
A205170036174,LAGUNOV Evgeny
A122075111041,GRECHIN Andrey
A062144028008,SAMULSKI Daniela
A209084004049,JAGER Tom
A14188492,BAULCH Jamie
A14190587,RICHARDSON Mark
A14188574,BLACK Roger
A14190983,THOMAS Iwan
A14271772,MANOU Tamsyn
A14271480,PERIS-KNEEBONE Nova
A14272084,GAINSFORD Melinda
A14272094,FREEMAN Cathy
A14292322,AFOLABI Olabisi
A14292503,OPARA Charity
A14292537,YUSUF Fatimat
A14292474,OGUNKOYA-OSHEKU Falilat
A14254412,WATTS Quincy
A14253719,VALMON Andrew
A14249424,REYNOLDS Butch
A14242187,JOHNSON Michael
A14350031,RIEGER-GUNTHER Sabine
A14344697,OELSNER Marlies
A14356483,MOLLER Silke
A14354952,AUERSWALD-LANGE Ingrid
A14269779,LEDOVSKAYA Tatyana
A14351853,KULCHUNOVA Mariya
A14351412,BRYZGINA Olga
A14298709,NAZAROVA Olga
A14265932,LI Yali
A14265937,LI Xuemei
A14265852,LIN Xiao
A14265738,LIU Xiaomei
A14367778,AN Xiaohong
A14265621,MA Yuqin
A14266739,CAO Chunying
A14266779,BAI Xiaoyun
A14176106,DA SILVA Claudinei Quirino
A14175382,PARRELA Sanderlei Claro
A14175964,de ARAUJO Eronilde Nunes
A14175396,OLIVEIRA dos SANTOS Anderson Jorge
A14179243,MARSH Damien
A14179454,JACKSON Tim
A14179532,HENDERSON Paul
A14180049,BRIMACOMBE Steve
A14356142,MITCHELL Rick
A14349647,FRAYNE Bruce
A14179942,CLARK Darren
A14354217,MINIHAN Gary
A14304791,ANDERSON Alexandria
A14314376,KIDD Ashlee
A14321622,SMITH Stephanie
A14312172,HASTINGS Natasha
A14245966,MERRITT Lashawn
A14252793,TAYLOR Angelo
A14254258,WARINER Jeremy
A14247119,NEVILLE David
A14355869,BRISCO-HOOKS Valerie
A14313000,HOWARD-HILL Denean
A14343103,DIXON Diane
A14359548,GRIFFITH-JOYNER Florence
A14269361,COUTINHO Geisa Aparecida
A14366027,FARIAS de OLIVEIRA Barbara
A14269255,DAS NEVES SOUZA Joelma
A14268860,SALES de LIMA Jailma
A14379202,McCABE Andrew
A14214871,ALOZIE Anthony
A14179046,NTIAMOAH Isaac
A14178860,ROSS Joshua
A14313618,JETER Carmelita
A14315831,MADISON Tianna
A14309983,FELIX Allyson
A14314587,KNIGHT Bianca
A14202005,FRATER Michael
A14201894,CARTER Nesta
A14201847,BOLT Usain
A14201842,BLAKE Yohan
A14269257,KRASUCKI Franciela
A14268928,SANTOS Rosangela
A14269001,LEMOS Ana Claudia
A14269113,de dos SANTOS Evelyn Carolina
A14715101,HERRON Brian
A14656692,HOOPER Sean
A14592146,LYLES Josephus
A14596683,SHINNICK Zachary
A14701082,JAMAL Aminat
A14581977,ABBAS Abbas Abubakar
A14751017,ISAH Musa
A14630862,MUNYAI Clarence
A14630863,DLODLO Thando
A14220435,MAGAKWE Simon
A14427998,GEMILI Adam
A14707842,TADA Shuhei
A14722833,SHIRAISHI Kirara
A14496746,DO NASCIMENTO Rodrigo
A14621683,SILVA Derick
A14481678,dos SANTOS Vitor Hugo
A14736124,GUNN Tyler
A14370966,RUBIE-RENSHAW Anneliese
A14360445,BECK Alex
1939731,OBOYA Bendere
A14643508,THEBE Baboloki
A14824533,NGOZI Zibane
A14176330,MAKWALA Isaac
A14888564,XHOTYENI Mihlali
A14816074,MOLEYANE Letlhogonolo
A14852568,WHYTE Madison
A14888251,BARTHOLOMEW Charlie
A14960261,SUMNER Will
A14850684,WADE Kennedy
A14776879,CLAYTON Tina
A14776901,COLE Serena
A14824259,HILL Kerrica
A14746488,EFFIONG Rosey
A14807359,ROBINSON Justin
A14762558,SALINAS SEFAIR Nicolas
A14471021,PERLAZA Jhon Alejandro
1932177,HURKACZ Hubert
1932184,ZIELINSKI Jan
1892332,RUNE Holger
